{"count":1,"self":487.9169536,"total":1711.9801444,"children":{"InitializeActuators":{"count":25,"self":0.001004,"total":0.001004,"children":null},"InitializeSensors":{"count":25,"self":0.0015042999999999999,"total":0.0015042999999999999,"children":null},"AgentSendState":{"count":1248634,"self":17.7568,"total":114.52329119999999,"children":{"CollectObservations":{"count":1792027,"self":59.489343999999996,"total":59.4893456,"children":null},"WriteActionMask":{"count":1792027,"self":3.3780832,"total":3.3780829999999997,"children":null},"RequestDecision":{"count":1792027,"self":12.5609536,"total":33.899063,"children":{"AgentInfo.ToProto":{"count":1792027,"self":8.3265408,"total":21.338109,"children":{"GenerateSensorData":{"count":1792027,"self":13.011567999999999,"total":13.0115679,"children":null}}}}}}},"DecideAction":{"count":1248634,"self":1066.881024,"total":1066.8809923,"children":null},"AgentAct":{"count":1248634,"self":42.3384576,"total":42.3384587,"children":null},"AgentInfo.ToProto":{"count":17775,"self":0.1510586,"total":0.31695029999999996,"children":{"GenerateSensorData":{"count":17775,"self":0.1658917,"total":0.1658917,"children":null}}}},"gauges":{"ShipControl.CumulativeReward":{"count":17775,"max":65.57008,"min":-21.9066734,"runningAverage":7.97917843,"value":7.568393,"weightedAverage":26.2781067}},"metadata":{"timer_format_version":"0.1.0","start_time_seconds":"1701001959","unity_version":"2022.3.11f1","command_line_arguments":"C:\\Program Files\\Unity\\Hub\\Editor\\2022.3.11f1\\Editor\\Unity.exe -projectpath D:\\Dev\\Unity\\Lunar Lander ML-Agents -useHub -hubIPC -cloudEnvironment production -licensingIpc LicenseClient-micha -hubSessionId 4086d40c-cd95-4b06-b2a4-5ae5a1249418 -accessToken FUPkopypGd7uzyQU603AfI3x8xc76K2W4nkysCe98MU008f","communication_protocol_version":"1.5.0","com.unity.ml-agents_version":"2.0.1","scene_name":"MainScene","end_time_seconds":"1701003670"}}