{"count":1,"self":55.978848,"total":530.0333167,"children":{"InitializeActuators":{"count":3850,"self":0.015024399999999999,"total":0.015024399999999999,"children":null},"InitializeSensors":{"count":3850,"self":0.0065311,"total":0.0065311,"children":null},"AgentSendState":{"count":179134,"self":1.553998,"total":16.732212399999998,"children":{"CollectObservations":{"count":952343,"self":10.7810224,"total":10.7810223,"children":null},"WriteActionMask":{"count":952343,"self":0.3351228,"total":0.3351228,"children":null},"RequestDecision":{"count":952343,"self":1.2561369,"total":4.0620693,"children":{"AgentInfo.ToProto":{"count":952343,"self":1.078886,"total":2.8059323999999997,"children":{"GenerateSensorData":{"count":952343,"self":1.7270463999999999,"total":1.7270463999999999,"children":null}}}}}}},"DecideAction":{"count":179134,"self":451.38483199999996,"total":451.3848382,"children":null},"AgentAct":{"count":179134,"self":5.8697339999999993,"total":5.8697341,"children":null},"AgentInfo.ToProto":{"count":7650,"self":0.0175464,"total":0.045131399999999995,"children":{"GenerateSensorData":{"count":7650,"self":0.027585,"total":0.027585,"children":null}}}},"gauges":{"ShipControl.CumulativeReward":{"count":3825,"max":0.24516879,"min":-10.04,"runningAverage":-2.02430677,"value":-0.2607721,"weightedAverage":-1.73247027}},"metadata":{"timer_format_version":"0.1.0","start_time_seconds":"1700320235","unity_version":"2022.3.11f1","command_line_arguments":"C:\\Program Files\\Unity\\Hub\\Editor\\2022.3.11f1\\Editor\\Unity.exe -projectpath D:\\Dev\\Unity\\Lunar Lander ML-Agents -useHub -hubIPC -cloudEnvironment production -licensingIpc LicenseClient-micha -hubSessionId d529df06-d3cd-483d-8f8b-907e6456e46f -accessToken 0CzXts8wM2zkpGX3KrlDf_QLy_-OP-n54pnencIKWvM008f","communication_protocol_version":"1.5.0","com.unity.ml-agents_version":"2.0.1","scene_name":"MainScene","end_time_seconds":"1700320765"}}