{"count":1,"self":59.358643199999996,"total":288.03106779999996,"children":{"InitializeActuators":{"count":2600,"self":0.019155699999999998,"total":0.019155699999999998,"children":null},"InitializeSensors":{"count":2600,"self":0.0244621,"total":0.0244621,"children":null},"AgentSendState":{"count":69600,"self":2.9357303999999997,"total":18.1240757,"children":{"CollectObservations":{"count":441193,"self":7.0138824,"total":7.0138821,"children":null},"WriteActionMask":{"count":441193,"self":0.7322039,"total":0.7322039,"children":null},"RequestDecision":{"count":441193,"self":2.7707922,"total":7.4422593999999993,"children":{"AgentInfo.ToProto":{"count":441193,"self":2.0386075999999997,"total":4.6714671999999995,"children":{"GenerateSensorData":{"count":441193,"self":2.6328595999999997,"total":2.6328595999999997,"children":null}}}}}}},"DecideAction":{"count":69600,"self":206.4208128,"total":206.42080679999998,"children":null},"AgentAct":{"count":69600,"self":3.9641067999999997,"total":3.9641067999999997,"children":null},"AgentInfo.ToProto":{"count":5165,"self":0.0531395,"total":0.1188089,"children":{"GenerateSensorData":{"count":5165,"self":0.0656694,"total":0.0656694,"children":null}}}},"gauges":{"ShipControl.CumulativeReward":{"count":2575,"max":-0.2,"min":-1,"runningAverage":-0.420893133,"value":-0.2,"weightedAverage":-0.200000018}},"metadata":{"timer_format_version":"0.1.0","start_time_seconds":"1700171757","unity_version":"2022.3.11f1","command_line_arguments":"C:\\Program Files\\Unity\\Hub\\Editor\\2022.3.11f1\\Editor\\Unity.exe -projectpath D:\\Dev\\Unity\\Lunar Lander ML-Agents -useHub -hubIPC -cloudEnvironment production -licensingIpc LicenseClient-micha -hubSessionId f5584abb-f393-4fb9-9438-3abf2af64190 -accessToken MHHXO24x_jA2cX3wHH0BBHb1hrDfjw05YN-3l-FWp4s008f","communication_protocol_version":"1.5.0","com.unity.ml-agents_version":"2.0.1","scene_name":"MainScene","end_time_seconds":"1700172045"}}